Time,CS,foF2,foF1,MUFD,fmin,foEs,fminF,fminE,foE,fxI,FF,foF2p,minEs,hF,hF2,hE,hEs,hmE,yE,hmF2,hmF1,halfNm,yF2,yF1,caleF2,B0,TEC,MD,B1,D1
2023-05-04 16:40:00+00:00,75,,,,,,,,,,,10.13,,,,,,,,,,,,,,,,,,
2023-05-04 16:45:00+00:00,75,,,,,,,,,,,10.1,,,,,,,,,,,,,,,,,,
2023-05-04 16:50:00+00:00,75,,,,,,,,,,,10.07,,,,,,,,,,,,,,,,,,
2023-05-04 18:25:00+00:00,75,,,,,,,,,,,9.2,,,,,,,,,,,,,,,,,,
2023-05-04 18:40:45+00:00,75,,,,,,,,,,,9.06,,,,,,,,,,,,,,,,,,
2023-05-04 18:44:29+00:00,75,,,,,,,,,,,9.03,,,,,,,,,,,,,,,,,,
2023-05-04 18:47:30+00:00,75,,,,,,,,,,,9.0,,,,,,,,,,,,,,,,,,
2023-05-04 18:50:39+00:00,75,,,,,,,,,,,8.97,,,,,,,,,,,,,,,,,,
2023-05-04 18:55:00+00:00,75,,,,,,,,,,,8.94,,,,,,,,,,,,,,,,,,
2023-05-04 19:00:00+00:00,75,,,,,,,,,,,8.9,,,,,,,,,,,,,,,,,,
2023-05-04 19:05:00+00:00,75,,,,,,,,,,,8.86,,,,,,,,,,,,,,,,,,
2023-05-04 19:20:06+00:00,75,,,,,,,,,,,8.76,,,,,,,,,,,,,,,,,,
2023-05-04 19:21:59+00:00,75,,,,,,,,,,,8.75,,,,,,,,,,,,,,,,,,
2023-05-04 19:28:44+00:00,80,6.55,,22.58,1.73,4.1,3.8,,,7.15,0.05,5.1,1.73,245.0,245.0,,100.0,110.0,20.0,273.1,,245.9,38.8,,20.8,34.1,4.6,3.45,3.22,
2023-05-04 19:32:02+00:00,45,5.225,,20.13,2.47,4.78,4.97,,,5.75,0.03,5.07,2.47,265.0,265.0,,100.0,110.0,20.0,240.6,,229.5,16.2,,10.6,16.4,1.4,3.85,1.9,
2023-05-04 19:34:34+00:00,10,,,,,,,,,,,8.69,,,,,,,,,,,,,,,,,,
2023-05-04 20:13:45+00:00,75,,,,,5.1,,,,,,8.54,2.4,,,,97.5,,,,,,,,,,,,,
2023-05-04 20:15:08+00:00,5,,,,,,,,,,,8.53,,,,,,,,,,,,,,,,,,
2023-05-09 16:32:45+00:00,85,8.775,,28.38,1.63,,2.9,1.63,2.11,9.32,0.05,6.45,,252.5,252.5,107.2,,100.8,10.7,263.9,,222.8,55.0,,30.3,71.9,13.3,3.23,1.15,
2023-05-09 16:43:25+00:00,85,8.725,,28.01,1.63,,2.13,1.63,1.86,9.3,0.03,6.41,,140.0,140.0,108.3,,98.8,8.7,269.5,,227.9,56.3,,30.0,70.1,12.9,3.21,1.22,
2023-05-09 16:45:50+00:00,85,8.2,,27.48,2.9,,2.9,,,8.73,0.03,6.4,,252.5,252.5,,,110.0,20.0,260.9,,225.4,48.8,,26.8,66.7,10.3,3.35,1.01,
2023-05-09 16:48:22+00:00,85,8.875,,27.96,1.65,,2.67,1.65,1.83,9.43,0.08,6.39,,252.5,252.5,113.0,,102.1,11.9,273.2,,230.0,59.1,,31.6,73.2,14.0,3.15,1.24,
2023-05-09 16:50:59+00:00,65,8.35,,27.77,1.75,2.22,2.97,1.75,1.78,8.05,0.03,6.38,2.03,255.0,255.0,126.7,135.0,110.0,20.0,260.9,,226.0,47.4,,25.7,66.0,10.3,3.33,1.0,
2023-05-09 16:54:16+00:00,85,8.5,,27.72,2.4,,2.4,,,9.05,0.03,6.36,,252.5,252.5,,,110.0,20.0,268.5,,232.6,49.3,,26.0,61.6,10.7,3.26,1.16,
2023-05-09 17:30:30+00:00,90,6.85,,25.51,1.77,3.83,3.85,,,7.4,0.03,6.13,1.77,255.0,255.0,,107.5,110.0,20.0,240.7,,216.2,34.3,,16.9,45.9,4.6,3.72,1.0,
2023-05-09 19:25:37+00:00,85,6.375,,20.69,1.83,2.08,2.03,,,6.88,0.03,5.12,1.83,245.0,245.0,,102.5,110.0,20.0,291.0,,262.9,41.5,,20.7,42.9,4.5,3.25,1.74,
2023-05-09 19:35:15+00:00,90,6.375,,20.61,1.73,2.17,2.17,,,6.88,0.03,5.04,1.73,255.0,255.0,,102.5,110.0,20.0,296.6,,268.9,40.8,,20.4,43.0,4.5,3.23,1.66,
2023-05-16 18:10:42+00:00,75,,,,,,,,,,,9.35,,,,,,,,,,,,,,,,,,
2023-05-16 18:24:31+00:00,75,,,,,,,,,,,9.21,,,,,,,,,,,,,,,,,,
2023-05-16 18:53:25+00:00,35,4.55,,18.2,1.88,3.47,3.15,,,5.13,0.03,5.4,1.88,237.5,237.5,,102.5,110.0,20.0,230.0,,220.4,14.1,,10.6,15.6,1.1,4.0,1.48,
2023-05-16 18:56:31+00:00,65,8.375,,31.42,2.95,,2.95,,,8.95,0.03,5.37,,235.0,235.0,,,110.0,20.0,253.5,,241.0,19.3,,10.6,23.1,4.0,3.75,1.17,
2023-05-16 19:09:00+00:00,60,8.975,,31.29,2.72,,2.72,,,7.05,0.03,5.26,,230.0,230.0,,,110.0,20.0,260.7,,239.9,30.8,,15.5,31.4,6.7,3.49,1.83,
2023-05-16 19:12:00+00:00,85,8.95,,31.04,1.77,2.2,2.17,,,9.5,0.05,5.24,1.77,212.5,212.5,,102.5,110.0,20.0,259.9,,236.5,34.6,,17.4,35.7,7.5,3.47,1.76,
2023-05-16 19:15:00+00:00,85,8.95,,30.42,1.15,2.1,2.1,,,9.5,0.08,5.21,1.15,222.5,222.5,,102.5,110.0,20.0,263.6,,237.6,38.1,,19.3,37.1,8.1,3.4,2.15,
2023-05-16 19:18:00+00:00,85,9.0,,29.7,2.17,,2.17,,,9.55,0.08,5.18,,222.5,222.5,,,110.0,20.0,269.8,,239.3,44.3,,22.6,41.9,9.6,3.3,2.39,
2023-05-16 19:21:00+00:00,85,8.925,,29.01,1.77,,1.77,,,9.48,0.08,5.16,,217.5,217.5,,,110.0,20.0,273.0,,238.3,50.4,,25.6,47.1,10.6,3.25,2.48,
2023-05-16 19:24:00+00:00,85,8.9,,28.2,1.23,,1.23,,,9.45,0.17,5.14,,215.0,215.0,,,110.0,20.0,282.1,,237.5,64.6,,33.0,60.0,13.6,3.17,2.58,
2023-05-16 19:27:00+00:00,65,8.9,,27.3,1.77,,1.77,,,9.45,0.08,5.11,,215.0,215.0,,,110.0,20.0,299.1,,242.7,80.8,,41.8,70.8,17.0,3.07,3.22,
2023-05-16 19:30:00+00:00,85,8.875,,26.84,1.8,,1.8,,,9.43,0.08,5.09,,215.0,215.0,,,110.0,20.0,303.5,,245.3,83.5,,43.0,74.0,17.4,3.02,3.07,
2023-05-16 19:33:00+00:00,80,5.2,,20.49,2.03,,2.03,,,5.8,0.03,5.06,,217.5,217.5,,,110.0,20.0,230.8,,218.4,18.5,,10.6,21.0,1.5,3.94,1.31,
2023-05-16 19:36:00+00:00,95,8.4,,26.65,1.98,,1.98,,,8.98,0.08,5.04,,220.0,220.0,,,110.0,20.0,281.4,,246.4,51.3,,25.6,49.6,9.5,3.17,2.19,
2023-05-16 19:39:00+00:00,65,8.35,,26.4,2.5,,2.5,,,8.3,0.05,5.01,,225.0,225.0,,,110.0,20.0,285.2,,250.4,50.7,,25.7,48.7,9.4,3.16,2.25,
2023-05-16 19:42:00+00:00,85,8.375,,26.15,1.8,,1.8,,,8.95,0.1,4.99,,217.5,217.5,,,110.0,20.0,286.2,,248.1,55.9,,27.8,54.2,10.3,3.12,2.16,
2023-05-16 19:45:00+00:00,95,8.25,,26.32,1.63,,1.63,,,8.98,0.05,4.97,,217.5,217.5,,,110.0,20.0,283.8,,248.6,52.1,,25.6,51.9,9.3,3.19,2.0,
2023-05-16 19:48:00+00:00,95,8.275,,26.37,1.75,,1.75,,,8.95,0.08,4.95,,220.0,220.0,,,110.0,20.0,285.6,,251.5,50.3,,24.8,50.3,9.1,3.19,1.96,
2023-05-16 19:51:00+00:00,95,8.175,,26.21,1.73,,1.73,,,8.93,0.05,4.92,,222.5,222.5,,,110.0,20.0,286.8,,251.3,52.0,,26.1,50.9,9.2,3.21,2.09,
2023-05-16 19:54:00+00:00,85,8.325,,25.92,1.83,,1.83,,,8.88,0.08,4.9,,225.0,225.0,,,110.0,20.0,291.8,,255.0,53.9,,27.0,52.7,9.9,3.11,2.11,
2023-05-16 19:57:00+00:00,85,8.35,,25.87,1.8,,1.8,,,8.9,0.1,4.88,,227.5,227.5,,,110.0,20.0,294.7,,257.3,54.9,,27.4,53.6,10.1,3.1,2.13,
2023-05-16 20:00:00+00:00,95,8.3,,25.8,1.77,,1.77,,,9.02,0.05,4.86,,230.0,230.0,,,110.0,20.0,294.9,,258.0,54.2,,27.1,52.9,9.9,3.11,2.13,
2023-05-16 20:03:00+00:00,85,8.05,,25.85,1.77,,1.77,,,8.6,0.05,4.84,,230.0,230.0,,,110.0,20.0,287.7,,256.5,46.2,,22.8,46.7,7.9,3.21,1.89,
2023-05-16 20:06:00+00:00,65,8.15,,25.89,1.75,,1.75,,,8.95,0.03,4.82,,230.0,230.0,,,110.0,20.0,291.5,,258.3,48.9,,24.2,49.1,8.6,3.18,1.94,
2023-05-16 20:09:00+00:00,95,8.375,,25.92,1.7,,1.7,,,8.95,0.08,4.79,,230.0,230.0,,,110.0,20.0,297.5,,261.6,53.0,,26.2,52.9,9.8,3.1,1.98,
2023-05-16 20:12:00+00:00,65,7.9,,25.84,1.67,,1.67,,,5.07,0.05,4.77,,232.5,232.5,,,110.0,20.0,286.8,,258.7,41.9,,20.5,43.5,6.9,3.27,1.72,
2023-05-16 20:15:00+00:00,95,8.325,,26.44,1.8,,1.8,,,8.98,0.05,4.75,,235.0,235.0,,,110.0,20.0,294.8,,264.3,45.3,,22.3,46.8,8.3,3.18,1.78,
2023-05-16 20:18:00+00:00,100,8.375,,27.0,2.1,,2.1,,,9.0,0.05,4.73,,242.5,242.5,,,110.0,20.0,293.8,,266.5,40.6,,20.1,42.4,7.6,3.22,1.69,
2023-05-16 20:21:00+00:00,95,8.375,,27.14,2.08,,2.08,,,9.02,0.05,4.71,,245.0,245.0,,,110.0,20.0,291.4,,264.8,39.4,,19.7,40.8,7.4,3.24,1.78,
2023-05-16 20:24:00+00:00,75,8.3,,27.0,1.83,,1.83,,,8.98,0.05,4.7,,242.5,242.5,,,110.0,20.0,288.4,,261.4,39.9,,20.0,40.5,7.4,3.25,1.83,
2023-05-16 20:27:00+00:00,95,8.3,,26.81,1.8,,1.8,,,8.95,0.05,4.68,,242.5,242.5,,,110.0,20.0,288.5,,259.4,42.7,,21.5,42.3,7.8,3.23,2.01,
2023-05-16 20:30:00+00:00,95,8.375,,26.48,1.7,,1.7,,,8.95,0.08,4.66,,237.5,237.5,,,110.0,20.0,291.9,,258.9,48.2,,24.3,47.0,9.0,3.16,2.13,
2023-05-16 20:33:00+00:00,95,8.375,,26.28,1.8,,1.8,,,8.98,0.13,4.64,,237.5,237.5,,,110.0,20.0,293.9,,259.1,50.8,,25.7,48.9,9.5,3.14,2.23,
2023-05-16 20:36:00+00:00,90,8.35,,26.17,2.03,,2.03,,,8.75,0.13,4.62,,240.0,240.0,,,110.0,20.0,295.3,,260.2,51.1,,26.0,48.7,9.5,3.13,2.3,
2023-05-16 20:39:00+00:00,95,8.375,,26.12,1.73,,1.73,,,8.98,0.1,4.6,,237.5,237.5,,,110.0,20.0,297.7,,259.4,55.6,,28.4,52.5,10.4,3.12,2.41,
2023-05-16 20:42:00+00:00,65,8.25,,26.03,1.73,,1.73,,,8.5,0.08,4.58,,235.0,235.0,,,110.0,20.0,292.5,,256.9,51.9,,26.4,49.6,9.4,3.15,2.29,
2023-05-16 20:45:00+00:00,95,7.85,,25.77,1.73,,1.73,,,8.5,0.05,4.56,,235.0,235.0,,,110.0,20.0,281.1,,252.4,42.0,,21.2,41.7,6.9,3.28,2.02,
2023-05-16 20:48:00+00:00,95,8.0,,25.43,1.77,,1.77,,,8.4,0.08,4.55,,235.0,235.0,,,110.0,20.0,288.2,,253.8,50.2,,25.5,47.8,8.5,3.18,2.3,
2023-05-16 20:51:00+00:00,80,7.825,,25.39,1.5,,1.5,,,8.4,0.15,4.53,,230.0,230.0,,,110.0,20.0,283.6,,250.1,48.9,,24.8,47.3,8.0,3.24,2.2,
2023-05-16 20:54:00+00:00,85,7.95,,24.68,2.85,,2.85,,,8.52,0.1,4.51,,240.0,240.0,,,110.0,20.0,295.8,,258.4,53.9,,28.0,48.7,9.2,3.1,2.8,
2023-05-16 20:57:00+00:00,0,7.825,,24.06,4.7,,4.7,,,8.3,0.2,4.49,,265.0,265.0,,,110.0,20.0,,,,,,,,,3.08,,
2023-05-16 21:00:00+00:00,60,7.45,,24.05,2.0,,2.0,,,8.02,0.55,4.48,,230.0,230.0,,,110.0,20.0,282.6,,251.5,45.6,,22.8,45.3,6.7,3.23,1.98,
2023-05-16 21:03:00+00:00,65,7.1,,23.27,2.58,,2.58,,,8.23,0.05,4.46,,237.5,237.5,,,110.0,20.0,284.7,,250.9,48.6,,25.3,44.9,6.6,3.28,2.76,
2023-05-16 21:06:00+00:00,85,7.125,,23.11,1.52,,1.52,,,7.68,0.05,4.44,,225.0,225.0,,,110.0,20.0,282.2,,248.4,49.3,,24.7,48.4,6.6,3.24,2.08,
2023-05-16 21:09:00+00:00,65,7.275,,22.72,1.7,,1.7,,,8.15,0.05,4.43,,227.5,227.5,,,110.0,20.0,293.0,,251.7,59.9,,30.6,56.1,8.4,3.12,2.47,
2023-05-16 21:12:00+00:00,65,6.925,,22.12,1.85,,1.85,,,7.75,0.05,4.41,,230.0,230.0,,,110.0,20.0,285.6,,250.4,51.2,,25.9,49.2,6.5,3.19,2.23,
2023-05-16 21:15:00+00:00,95,7.125,,21.58,2.08,,2.08,,,7.97,0.1,4.39,,230.0,230.0,,,110.0,20.0,300.4,,256.8,63.0,,32.2,58.4,8.5,3.03,2.53,
2023-05-16 21:18:00+00:00,0,7.075,,21.0,3.4,,3.4,,,7.88,0.08,4.38,,252.5,252.5,,,110.0,20.0,,,,,,,,,2.97,,
2023-05-16 21:21:00+00:00,0,7.175,,20.59,3.42,,3.42,,,7.9,0.13,4.36,,257.5,257.5,,,110.0,20.0,,,,,,,,,2.87,,
2023-05-16 21:24:00+00:00,85,6.975,,20.38,1.8,,1.8,,,7.57,0.13,4.34,,227.5,227.5,,,110.0,20.0,312.6,,266.1,68.0,,33.8,66.3,8.7,2.92,2.12,
2023-05-16 21:27:00+00:00,0,7.025,,20.52,1.98,,1.98,,,7.82,0.08,4.33,,232.5,232.5,,,110.0,20.0,,,,,,,,,2.92,,
2023-05-16 21:30:00+00:00,0,7.175,,20.6,1.98,,1.98,,,7.72,0.2,4.31,,237.5,237.5,,,110.0,20.0,,,,,,,,,2.87,,
2023-05-16 21:33:00+00:00,65,7.2,,20.59,2.15,,2.15,,,5.13,0.15,4.3,,250.0,250.0,,,110.0,20.0,334.2,,290.2,64.4,,32.3,64.3,8.9,2.86,1.96,
2023-05-16 21:36:00+00:00,60,7.025,,20.45,1.98,,1.98,,,7.57,0.08,4.28,,255.0,255.0,,,110.0,20.0,329.9,,288.7,60.3,,30.3,60.2,7.9,2.91,1.95,
2023-05-16 21:39:00+00:00,90,7.0,,20.44,1.77,,1.77,,,7.55,0.13,4.26,,255.0,255.0,,,110.0,20.0,327.8,,288.8,57.3,,28.5,58.3,7.4,2.92,1.84,
2023-05-16 21:42:00+00:00,65,4.15,,14.46,2.9,,2.9,,,4.93,0.22,4.25,,285.0,285.0,,,110.0,20.0,274.7,,255.2,28.6,,14.1,31.4,1.3,3.48,1.49,
2023-05-16 21:45:00+00:00,50,6.875,,20.37,2.4,,2.4,,,6.97,0.03,4.23,,277.5,277.5,,,110.0,20.0,328.0,,293.3,51.4,,25.6,54.4,6.5,2.96,1.62,
2023-05-16 21:48:00+00:00,0,7.4,,20.29,2.03,,2.03,,,4.97,0.1,4.22,,297.5,297.5,,,110.0,20.0,,,,,,,,,2.74,,
2023-05-16 21:54:00+00:00,65,4.825,,16.74,1.7,,1.7,,,5.38,0.05,4.19,,267.5,267.5,,,110.0,20.0,285.6,,268.4,25.8,,12.5,31.4,1.7,3.47,1.09,
2023-05-16 21:57:00+00:00,45,4.7,,16.23,3.2,,3.2,,,5.22,0.05,4.17,,292.5,292.5,,,110.0,20.0,279.8,,259.7,29.7,,14.4,32.9,1.8,3.45,1.45,
2023-05-16 22:00:00+00:00,70,7.05,,20.44,3.67,,3.67,,,7.6,0.1,4.16,,302.5,302.5,,,110.0,20.0,335.5,,295.9,58.1,,29.4,59.3,7.8,2.9,1.82,
2023-05-16 22:03:00+00:00,50,5.5,,18.28,1.6,1.95,2.05,,,6.03,0.05,4.14,1.6,275.0,275.0,,92.5,110.0,20.0,297.0,,276.4,31.1,,15.1,36.6,2.6,3.32,1.19,
2023-05-16 22:25:00+00:00,95,7.14,,20.79,1.82,2.13,1.86,,,7.93,0.17,4.04,1.82,270.0,270.0,,102.5,110.0,20.0,332.3,,293.1,57.5,,28.9,58.2,7.8,2.91,1.87,
2023-05-16 22:30:00+00:00,40,7.28,,20.94,1.75,2.28,2.17,,,7.93,0.14,4.01,1.75,277.5,277.5,,97.5,110.0,20.0,337.0,,293.6,63.3,,32.2,62.2,9.0,2.88,2.08,
2023-05-16 22:35:00+00:00,95,7.15,,20.75,1.73,2.17,2.1,,,7.9,0.22,3.99,1.73,272.5,272.5,,95.0,110.0,20.0,334.1,,290.4,63.5,,32.5,61.4,8.7,2.9,2.2,
2023-05-16 22:40:00+00:00,85,7.35,,20.68,1.64,1.96,2.13,,,8.03,0.1,3.97,1.64,270.0,270.0,,97.5,110.0,20.0,345.1,,292.5,76.0,,39.1,70.3,11.0,2.81,2.58,
2023-05-16 22:45:00+00:00,85,6.825,,20.99,2.52,,2.52,,,7.37,0.1,3.94,,275.0,275.0,,,110.0,20.0,317.3,,285.0,47.7,,23.9,49.7,6.0,3.08,1.69,
2023-05-16 22:50:00+00:00,85,7.175,,21.07,1.73,2.28,3.05,,,7.78,0.1,3.92,1.73,282.5,282.5,,95.0,110.0,20.0,333.8,,290.1,63.2,,32.8,60.3,8.8,2.94,2.33,
2023-05-16 22:55:00+00:00,20,3.85,,14.25,1.64,2.13,2.13,,,4.85,,3.9,1.64,267.5,267.5,,97.5,110.0,20.0,265.3,,252.1,19.6,,10.6,24.4,0.9,3.7,1.08,
2023-05-16 23:00:00+00:00,65,5.95,,19.57,1.89,,1.89,,,6.49,0.07,3.87,,262.5,262.5,,,110.0,20.0,294.2,,270.6,34.9,,17.5,37.5,3.4,3.29,1.54,
2023-05-16 23:05:00+00:00,60,6.925,,20.9,2.15,,2.15,,,7.47,0.15,3.85,,265.0,265.0,,,110.0,20.0,316.1,,281.2,51.1,,25.9,51.2,6.6,3.02,1.93,
2023-05-16 23:10:00+00:00,100,7.07,,20.57,1.72,,1.72,,,7.79,0.14,3.83,,257.5,257.5,,,110.0,20.0,330.3,,280.7,71.6,,36.7,66.2,9.5,2.91,2.58,
2023-05-16 23:15:00+00:00,90,6.965,,20.29,1.75,,1.75,,,7.65,0.07,3.81,,257.5,257.5,,,110.0,20.0,329.7,,281.0,70.3,,36.1,65.3,9.1,2.91,2.55,
2023-05-16 23:20:00+00:00,95,6.825,,19.91,2.88,,2.88,,,7.57,0.15,3.79,,275.0,275.0,,,110.0,20.0,327.9,,285.8,60.9,,31.5,58.6,7.7,2.92,2.27,
2023-05-16 23:25:00+00:00,50,4.935,,17.27,2.41,,2.41,,,5.06,0.04,3.76,,270.0,270.0,,,110.0,20.0,280.8,,262.8,26.9,,13.0,31.5,1.8,3.5,1.25,
2023-05-16 23:30:00+00:00,90,6.51,,19.55,1.96,,1.96,,,7.02,0.14,3.74,,265.0,265.0,,,110.0,20.0,319.0,,281.4,54.8,,27.7,54.3,6.2,3.0,2.0,
2023-05-16 23:35:00+00:00,80,6.25,,19.11,2.8,,2.8,,,6.8,0.05,3.72,,280.0,280.0,,,110.0,20.0,315.0,,282.6,47.7,,23.9,49.9,5.0,3.06,1.68,
2023-05-16 23:40:00+00:00,0,6.72,,18.72,2.8,,2.8,,,7.13,0.07,3.7,,302.5,302.5,,,110.0,20.0,,,,,,,,,2.79,,
2023-05-16 23:45:00+00:00,50,5.74,,18.18,1.54,,1.54,,,5.03,0.1,3.68,,265.0,265.0,,,110.0,20.0,311.3,,283.1,41.9,,20.4,45.8,3.7,3.17,1.47,
2023-05-16 23:50:00+00:00,100,6.275,,18.41,1.73,,1.73,,,6.78,0.08,3.66,,275.0,275.0,,,110.0,20.0,333.5,,294.7,57.0,,28.7,59.0,6.0,2.93,1.74,
2023-05-16 23:55:00+00:00,65,6.3,,18.31,1.78,,1.78,,,6.14,0.07,3.63,,280.0,280.0,,,110.0,20.0,337.6,,297.6,58.8,,29.6,60.7,6.3,2.91,1.74,
2023-05-17 00:00:00+00:00,85,6.265,,18.27,1.89,,1.89,,,6.81,0.14,3.61,,285.0,285.0,,,110.0,20.0,338.3,,301.3,54.8,,27.4,58.7,5.8,2.92,1.55,
2023-05-17 00:05:00+00:00,70,5.6,,17.67,2.42,,2.42,,,6.13,0.03,3.59,,297.5,297.5,,,110.0,20.0,316.9,,290.0,40.7,,19.7,48.0,3.4,3.16,1.24,
2023-05-17 00:10:00+00:00,90,6.65,,18.18,1.72,,1.72,,,7.16,0.1,3.57,,285.0,285.0,,,110.0,20.0,363.5,,305.6,83.9,,43.2,79.8,10.0,2.73,2.34,
2023-05-17 00:15:00+00:00,90,6.195,,17.97,1.75,,1.75,,,6.7,0.07,3.55,,285.0,285.0,,,110.0,20.0,338.1,,299.9,56.4,,28.2,59.6,5.8,2.9,1.61,
2023-05-17 00:20:00+00:00,45,6.175,,17.8,2.55,,2.55,,,6.78,0.08,3.53,,300.0,300.0,,,110.0,20.0,340.1,,301.2,57.5,,28.7,61.8,5.9,2.88,1.56,
2023-05-17 00:25:00+00:00,85,6.405,,17.68,2.52,,2.52,,,7.09,0.14,3.51,,300.0,300.0,,,110.0,20.0,358.8,,305.5,77.3,,39.9,75.6,8.6,2.76,2.13,
2023-05-17 00:30:00+00:00,85,6.09,,17.78,1.96,,1.96,,,6.64,0.21,3.49,,290.0,290.0,,,110.0,20.0,338.7,,301.4,55.1,,27.5,59.2,5.5,2.92,1.52,
2023-05-17 00:35:00+00:00,85,5.1,,16.48,1.83,,1.83,,,5.65,0.03,3.47,,287.5,287.5,,,110.0,20.0,311.0,,287.7,35.2,,17.1,43.1,2.5,3.23,1.06,
2023-05-17 00:40:00+00:00,0,4.935,,10.44,1.75,,1.75,,,5.45,0.1,3.45,,640.0,640.0,,,110.0,20.0,,,,,,,,,2.12,,
2023-05-17 00:45:00+00:00,90,6.335,,18.3,2.8,,2.8,,,7.13,0.28,3.44,,302.5,302.5,,,110.0,20.0,340.5,,299.2,60.7,,30.7,63.5,6.6,2.89,1.69,
2023-05-17 00:50:00+00:00,60,6.175,,18.11,1.75,,1.75,,,4.0,0.08,3.42,,280.0,280.0,,,110.0,20.0,331.8,,295.8,53.3,,26.6,57.2,5.5,2.93,1.54,
2023-05-17 00:55:00+00:00,90,4.97,,16.38,1.68,,1.68,,,5.48,0.04,3.4,,277.5,277.5,,,110.0,20.0,301.6,,279.3,33.5,,16.4,40.1,2.3,3.3,1.13,
2023-05-17 01:00:00+00:00,70,6.055,,17.8,1.72,,1.72,,,4.71,0.1,3.38,,275.0,275.0,,,110.0,20.0,329.5,,292.0,55.2,,27.5,58.1,5.4,2.94,1.64,
2023-05-17 01:05:00+00:00,85,5.975,,17.81,1.73,,1.73,,,6.53,0.05,3.37,,277.5,277.5,,,110.0,20.0,326.3,,292.4,50.4,,25.0,54.8,4.8,2.98,1.47,
2023-05-17 01:10:00+00:00,95,6.16,,18.18,1.61,,1.61,,,7.09,0.25,3.36,,275.0,275.0,,,110.0,20.0,331.4,,292.3,57.4,,28.9,59.6,5.9,2.95,1.73,
2023-05-17 01:15:00+00:00,100,6.125,,18.33,1.75,,1.75,,,6.78,0.17,3.34,,275.0,275.0,,,110.0,20.0,323.9,,289.1,51.4,,25.7,54.6,5.2,2.99,1.58,
2023-05-17 01:20:00+00:00,85,4.425,,15.16,2.05,,2.05,,,4.97,0.03,3.33,,277.5,277.5,,,110.0,20.0,284.6,,264.0,30.8,,15.1,36.8,1.7,3.42,1.17,
2023-05-17 01:25:00+00:00,90,6.195,,18.11,1.72,,1.72,,,6.91,0.25,3.32,,267.5,267.5,,,110.0,20.0,326.7,,284.5,61.7,,31.2,61.8,6.3,2.92,1.94,
2023-05-17 01:30:00+00:00,90,6.3,,17.87,1.54,,1.54,,,7.05,0.21,3.31,,262.5,262.5,,,110.0,20.0,337.4,,285.5,75.3,,38.5,72.3,8.0,2.84,2.26,
2023-05-17 01:35:00+00:00,85,6.125,,17.93,1.67,,1.67,,,6.68,0.13,3.3,,265.0,265.0,,,110.0,20.0,324.5,,285.6,57.2,,28.6,59.2,5.7,2.93,1.74,
2023-05-17 01:40:00+00:00,95,6.265,,18.26,2.07,,2.07,,,6.67,0.28,3.3,,272.5,272.5,,,110.0,20.0,328.5,,286.4,61.7,,31.3,62.4,6.5,2.91,1.88,
2023-05-17 01:45:00+00:00,70,5.88,,18.1,1.72,,1.72,,,6.74,0.07,3.29,,265.0,265.0,,,110.0,20.0,312.7,,278.7,49.9,,25.1,52.7,4.7,3.08,1.63,
2023-05-17 01:50:00+00:00,60,6.175,,18.13,2.72,,2.72,,,3.8,0.22,3.29,,285.0,285.0,,,110.0,20.0,323.5,,283.9,58.0,,29.3,60.5,6.0,2.94,1.72,
2023-05-17 01:55:00+00:00,90,6.545,,18.03,1.72,,1.72,,,7.2,0.17,3.29,,265.0,265.0,,,110.0,20.0,382.7,,283.6,139.8,,76.0,112.7,16.4,2.76,4.91,
2023-05-17 02:00:00+00:00,85,6.195,,17.94,1.68,,1.68,,,6.84,0.1,3.29,,265.0,265.0,,,110.0,20.0,328.5,,281.6,68.0,,34.7,67.5,7.0,2.9,2.02,
2023-05-17 02:05:00+00:00,70,6.125,,17.74,1.83,,1.83,,,5.03,0.1,3.3,,267.5,267.5,,,110.0,20.0,327.0,,282.1,65.3,,33.2,66.3,6.6,2.9,1.86,
2023-05-17 02:10:00+00:00,95,6.195,,17.73,1.72,,1.72,,,6.84,0.1,3.3,,262.5,262.5,,,110.0,20.0,331.5,,281.5,72.4,,36.8,72.1,7.5,2.86,2.0,
2023-05-17 02:15:00+00:00,90,6.23,,17.73,1.72,,1.72,,,6.74,0.1,3.31,,262.5,262.5,,,110.0,20.0,335.8,,280.5,79.6,,40.9,77.6,8.3,2.85,2.16,
2023-05-17 02:20:00+00:00,65,4.55,,15.52,2.42,,2.42,,,5.1,0.03,3.33,,275.0,275.0,,,110.0,20.0,278.6,,253.2,36.8,,18.3,44.3,2.1,3.41,1.21,
2023-05-17 02:25:00+00:00,90,6.16,,17.71,1.54,,1.54,,,6.7,0.14,3.34,,257.5,257.5,,,110.0,20.0,329.4,,276.6,75.9,,38.9,75.6,7.8,2.87,2.02,
2023-05-17 02:30:00+00:00,90,6.195,,17.91,1.54,,1.54,,,6.74,0.07,3.36,,260.0,260.0,,,110.0,20.0,330.9,,276.3,78.3,,40.7,77.4,8.2,2.89,2.11,
2023-05-17 02:35:00+00:00,65,4.9,,16.48,1.55,,1.55,,,5.47,0.03,3.38,,260.0,260.0,,,110.0,20.0,283.7,,259.1,35.3,,17.9,44.9,2.5,3.36,1.02,
2023-05-17 02:40:00+00:00,100,5.775,,17.65,1.54,,1.54,,,6.43,0.17,3.4,,260.0,260.0,,,110.0,20.0,307.5,,269.1,55.0,,27.8,61.5,5.1,3.06,1.44,
2023-05-17 02:45:00+00:00,90,6.02,,17.66,1.92,,1.92,,,6.67,0.1,3.42,,267.5,267.5,,,110.0,20.0,318.5,,271.2,67.4,,34.7,72.8,6.8,2.93,1.62,
2023-05-17 02:50:00+00:00,85,6.05,,17.58,2.7,,2.7,,,6.6,0.08,3.45,,282.5,282.5,,,110.0,20.0,320.4,,268.3,74.3,,38.6,80.4,7.6,2.91,1.64,
2023-05-17 02:55:00+00:00,80,6.055,,17.41,1.96,,1.96,,,6.6,0.1,3.48,,275.0,275.0,,,110.0,20.0,323.0,,268.1,77.9,,40.9,82.1,8.0,2.88,1.79,
2023-05-17 03:00:00+00:00,85,5.705,,17.58,2.13,,2.13,,,6.25,0.1,3.52,,280.0,280.0,,,110.0,20.0,299.9,,261.0,54.6,,28.6,68.6,5.2,3.08,1.12,
2023-05-17 03:05:00+00:00,95,6.05,,17.84,2.4,,2.4,,,6.78,0.1,3.55,,287.5,287.5,,,110.0,20.0,309.7,,260.3,69.6,,36.8,83.4,7.4,2.95,1.29,
2023-05-17 03:10:00+00:00,95,6.02,,18.04,2.38,,2.38,,,6.7,0.14,3.59,,282.5,282.5,,,110.0,20.0,301.2,,253.7,66.5,,35.5,80.8,7.1,3.0,1.27,
2023-05-17 03:15:00+00:00,85,5.39,,17.58,2.56,,2.56,,,5.93,0.07,3.63,,285.0,285.0,,,110.0,20.0,274.5,,237.9,50.0,,27.7,71.5,4.6,3.26,1.0,
2023-05-17 03:20:00+00:00,85,6.075,,18.17,2.1,,2.1,,,6.75,0.13,3.67,,277.5,277.5,,,110.0,20.0,300.4,,248.8,71.5,,38.7,84.6,7.9,2.99,1.41,
2023-05-17 03:25:00+00:00,95,6.3,,18.36,1.72,,2.13,1.72,1.76,6.95,0.1,3.72,,267.5,267.5,120.3,,110.0,20.0,306.9,,239.6,91.3,,49.5,92.1,10.7,2.91,1.97,
2023-05-17 03:30:00+00:00,65,6.02,,18.69,1.86,,2.13,1.86,1.9,5.06,0.25,3.77,,255.0,255.0,120.4,,110.0,20.0,277.1,,228.9,61.8,,34.9,75.5,7.3,3.11,1.4,
2023-05-17 03:35:00+00:00,65,6.1,,19.07,1.77,,2.78,1.77,1.8,6.78,0.13,3.82,,260.0,260.0,123.2,,110.0,20.0,272.6,,223.5,63.3,,36.0,88.3,7.6,3.13,1.1,
2023-05-17 03:40:00+00:00,95,6.58,,19.71,1.82,2.17,2.17,1.82,1.86,7.26,0.1,3.87,1.89,250.0,250.0,124.9,120.0,110.0,20.0,295.1,,231.7,86.5,,47.4,86.0,11.2,2.99,2.03,
2023-05-17 03:45:00+00:00,95,6.685,,20.43,2.73,,2.73,,,7.37,0.21,3.92,,262.5,262.5,,,110.0,20.0,288.8,,228.2,84.1,,46.3,92.0,11.2,3.06,1.83,
2023-05-17 03:50:00+00:00,95,6.35,,21.05,1.67,,2.78,1.67,1.9,7.13,0.08,3.97,,262.5,262.5,118.2,,105.7,15.5,254.3,,213.5,53.0,,31.0,76.8,7.2,3.32,1.03,
2023-05-17 03:55:00+00:00,95,6.755,,21.46,2.87,,2.87,,,7.37,0.14,4.03,,247.5,247.5,,,110.0,20.0,266.9,,213.3,73.0,,40.0,83.8,10.0,3.18,1.6,
2023-05-17 04:00:00+00:00,65,6.16,,21.35,1.64,1.96,2.45,,,5.66,0.07,4.08,1.64,247.5,247.5,,117.5,110.0,20.0,241.9,,210.0,42.0,,23.9,49.8,5.3,3.47,1.48,
2023-05-17 04:05:00+00:00,90,7.2,,21.33,1.63,,3.1,1.63,1.96,8.0,0.22,4.14,,237.5,237.5,102.4,,99.6,9.5,283.2,,207.2,102.8,,55.6,114.0,15.4,2.96,1.72,
2023-05-17 04:10:00+00:00,100,7.21,,22.38,1.72,,2.59,1.72,2.14,8.0,0.21,4.19,,227.5,227.5,102.4,,104.2,14.0,271.7,,213.0,77.5,,42.7,87.8,12.3,3.1,1.62,
2023-05-17 04:15:00+00:00,90,7.385,,23.07,2.41,2.73,2.97,,,8.03,0.21,4.25,2.41,232.5,232.5,,133.8,110.0,20.0,271.5,,215.0,75.9,,41.8,90.8,12.5,3.12,1.47,
2023-05-17 04:20:00+00:00,45,7.3,,23.66,1.48,,2.88,1.48,1.78,8.18,0.1,4.31,,220.0,220.0,98.9,,94.3,4.3,257.7,,209.4,65.1,,36.1,87.0,10.7,3.24,1.12,
2023-05-17 04:25:00+00:00,100,7.735,,24.46,1.54,2.73,3.5,1.54,2.07,8.42,0.1,4.36,2.48,235.0,235.0,99.0,130.0,95.6,5.5,269.6,,208.1,84.2,,47.3,101.9,15.4,3.16,1.48,
2023-05-17 04:30:00+00:00,90,7.753,4.32,24.96,2.9,,2.9,,,8.28,0.14,4.42,,230.0,265.0,,,110.0,20.0,261.9,196.3,215.2,59.7,33.8,36.2,72.0,12.0,3.23,1.7,0.31
2023-05-17 04:35:00+00:00,100,7.75,,25.27,1.85,,3.05,1.85,2.2,8.5,0.13,4.47,,225.0,225.0,97.0,,94.2,4.1,251.8,,204.9,61.6,,35.3,85.6,11.9,3.26,1.09,
2023-05-17 04:40:00+00:00,100,7.945,,25.84,2.07,2.94,2.97,2.07,2.28,8.63,0.17,4.53,2.73,222.5,222.5,97.1,130.0,93.1,3.1,258.0,,206.9,68.8,,39.3,84.2,13.8,3.25,1.48,
2023-05-17 04:45:00+00:00,95,7.822,4.18,26.07,1.5,2.45,2.97,1.5,2.07,8.42,0.25,4.58,2.1,220.0,255.0,98.2,97.5,95.0,5.0,247.9,184.1,206.1,53.3,39.6,32.8,66.1,11.1,3.34,1.6,0.49
2023-05-17 04:50:00+00:00,70,7.6,,25.69,1.88,3.03,3.47,1.88,2.53,7.95,0.2,4.63,2.75,225.0,225.0,95.2,132.5,94.5,4.4,235.7,,191.0,56.3,,33.7,84.9,11.0,3.38,1.02,
2023-05-17 04:55:00+00:00,60,7.77,,25.09,2.28,3.15,3.26,2.28,2.63,8.31,0.1,4.68,2.77,220.0,220.0,93.4,120.0,92.7,2.6,252.3,,192.7,79.3,,45.2,88.5,14.9,3.23,1.76,
2023-05-17 05:00:00+00:00,95,7.735,,24.54,1.64,3.18,3.92,1.64,2.25,8.45,0.21,4.73,2.84,237.5,237.5,95.2,120.0,94.3,4.2,251.6,,191.3,78.9,,43.8,101.4,14.3,3.17,1.28,
2023-05-17 05:05:00+00:00,90,7.8,,24.76,2.38,,4.0,2.38,2.76,8.35,0.15,4.78,,235.0,235.0,93.7,,92.9,2.9,248.5,,186.7,75.6,,44.1,111.1,14.9,3.17,1.08,
2023-05-17 05:10:00+00:00,95,7.805,,25.19,2.41,2.69,3.12,2.41,2.6,8.6,0.17,4.82,2.63,212.5,212.5,93.7,95.0,91.7,1.7,250.0,,196.3,67.1,,39.0,93.8,13.3,3.23,1.15,
2023-05-17 05:15:00+00:00,100,7.98,,25.8,2.41,2.73,3.39,2.41,2.6,8.66,0.17,4.87,2.63,215.0,215.0,93.4,95.0,91.6,1.6,252.5,,200.4,65.3,,38.8,98.5,13.9,3.23,1.01,
2023-05-17 05:20:00+00:00,85,8.275,,26.05,1.58,2.78,4.28,1.58,2.23,8.9,0.05,4.91,2.25,255.0,255.0,93.4,95.0,93.0,3.0,262.9,,200.8,82.7,,46.3,109.8,17.4,3.15,1.18,
2023-05-17 05:25:00+00:00,90,8.383,4.74,26.38,1.54,2.77,3.26,1.54,2.28,9.15,0.07,4.95,2.31,205.0,277.5,93.1,95.0,93.1,3.0,269.8,187.2,211.1,77.6,50.6,47.2,89.9,17.9,3.15,1.84,0.5
2023-05-17 05:30:00+00:00,100,8.435,,27.2,2.28,,4.72,2.28,2.74,9.23,0.14,4.98,,275.0,275.0,92.8,,92.9,2.8,250.5,,191.9,74.7,,44.0,109.2,17.3,3.22,1.07,
2023-05-17 05:35:00+00:00,95,8.35,3.93,27.58,2.4,2.78,3.4,2.4,2.65,8.98,0.13,5.02,2.67,212.5,270.0,94.0,95.0,92.3,2.2,243.5,150.7,193.3,58.1,34.6,37.5,89.8,14.5,3.3,1.15,0.2
2023-05-17 05:40:00+00:00,95,8.418,4.78,27.81,2.84,,3.5,2.84,3.19,9.3,0.25,5.05,,212.5,267.5,117.0,,103.0,12.7,247.1,177.0,200.8,56.8,42.6,37.1,77.6,14.7,3.31,1.43,0.51
2023-05-17 05:45:00+00:00,95,8.488,4.67,27.83,2.13,2.94,3.57,,,9.15,0.14,5.08,2.13,210.0,262.5,,95.0,110.0,20.0,252.2,182.9,207.0,58.1,44.6,36.2,72.9,14.4,3.29,1.6,0.54
2023-05-17 05:50:00+00:00,95,8.425,,27.67,2.38,,4.18,2.38,2.56,9.02,0.1,5.11,,250.0,250.0,94.7,,92.2,2.1,241.5,,190.9,64.9,,38.0,97.5,15.0,3.28,1.0,
2023-05-17 05:55:00+00:00,95,8.663,4.84,28.31,2.1,,4.48,2.1,2.28,9.36,0.21,5.14,,252.5,267.5,97.0,,92.8,2.7,249.2,170.9,198.1,62.1,52.2,40.3,86.9,16.6,3.28,1.4,0.41
2023-05-17 06:00:00+00:00,95,8.47,,28.32,5.11,,5.11,,,9.19,0.25,5.16,,262.5,262.5,,,110.0,20.0,238.2,,187.9,63.0,,36.1,91.5,14.4,3.34,1.06,
2023-05-17 06:05:00+00:00,90,8.65,,28.14,5.57,,5.57,,,9.25,0.13,5.18,,265.0,265.0,,,110.0,20.0,256.1,,186.3,95.3,,52.9,103.4,21.0,3.25,1.95,
2023-05-17 06:10:00+00:00,95,8.733,4.74,28.94,4.09,,4.09,,,9.4,0.17,5.2,,225.0,265.0,,,110.0,20.0,251.4,176.6,204.6,59.8,44.9,37.6,77.8,15.8,3.32,1.53,0.53
2023-05-17 06:15:00+00:00,95,8.47,,28.72,2.69,,5.95,2.69,2.88,9.15,0.25,5.22,,265.0,265.0,102.3,,94.7,4.6,222.3,,163.6,72.0,,40.3,100.4,15.8,3.39,1.15,
2023-05-17 06:20:00+00:00,95,8.413,4.96,28.69,3.47,3.8,4.13,,,8.9,0.05,5.24,3.47,227.5,257.5,,110.0,110.0,20.0,237.4,182.9,199.7,44.1,45.4,30.3,62.2,12.2,3.41,1.4,0.58
2023-05-17 06:25:00+00:00,75,8.453,5.13,28.75,3.54,3.88,4.06,,,9.05,0.14,5.26,3.54,217.5,260.0,,110.0,110.0,20.0,237.2,184.2,198.3,45.0,44.7,31.1,65.6,12.5,3.41,1.33,0.46
2023-05-17 06:30:00+00:00,100,8.418,4.91,28.86,3.95,,3.95,,,8.81,0.28,5.28,,217.5,257.5,,,110.0,20.0,236.9,180.7,198.2,46.8,47.9,31.5,64.1,12.5,3.44,1.45,0.59
2023-05-17 06:35:00+00:00,90,8.425,,27.85,5.13,,5.13,,,8.98,0.13,5.29,,250.0,250.0,,,110.0,20.0,240.0,,179.7,77.8,,43.8,98.5,16.8,3.31,1.4,
2023-05-17 06:40:00+00:00,100,8.453,4.7,26.84,4.3,,4.3,,,9.12,0.17,5.3,,222.5,255.0,,,110.0,20.0,252.6,164.6,191.1,77.7,41.0,47.0,97.1,18.1,3.18,1.62,0.31
2023-05-17 06:45:00+00:00,100,8.47,,27.2,3.54,4.16,4.8,,,9.15,0.14,5.32,3.54,265.0,265.0,,107.5,110.0,20.0,251.4,,191.4,76.4,,44.2,104.7,17.4,3.21,1.22,
2023-05-17 06:50:00+00:00,100,8.45,,28.04,3.72,4.1,4.7,,,9.0,0.13,5.33,3.72,267.5,267.5,,107.5,110.0,20.0,243.0,,190.5,65.7,,39.1,99.2,15.5,3.32,1.03,
2023-05-17 06:55:00+00:00,60,8.243,4.91,27.99,3.57,4.13,4.13,,,8.81,0.1,5.35,3.57,210.0,260.0,,105.0,110.0,20.0,238.2,174.2,192.9,56.7,44.9,36.9,73.3,13.8,3.4,1.61,0.55
2023-05-17 07:00:00+00:00,95,8.068,4.91,27.19,3.54,4.24,4.51,,,8.84,0.14,5.36,3.54,242.5,255.0,,105.0,110.0,20.0,237.8,169.1,186.1,65.7,44.3,41.6,79.5,14.7,3.38,1.81,0.53
2023-05-17 07:05:00+00:00,65,8.25,,26.25,4.0,4.38,5.93,,,8.82,0.05,5.37,4.0,262.5,262.5,,102.5,110.0,20.0,247.6,,174.8,93.6,,51.7,113.6,18.8,3.18,1.52,
2023-05-17 07:10:00+00:00,95,8.085,,25.95,3.57,4.55,6.16,,,8.81,0.14,5.39,3.57,270.0,270.0,,102.5,110.0,20.0,240.8,,172.0,87.0,,48.4,108.9,17.0,3.21,1.44,
2023-05-17 07:15:00+00:00,60,7.98,,25.84,2.87,4.41,5.32,2.87,3.19,8.6,0.25,5.4,3.22,267.5,267.5,99.6,102.5,94.7,4.6,233.6,,163.7,83.0,,49.0,121.9,16.9,3.24,1.16,
2023-05-17 07:20:00+00:00,100,8.125,,25.92,4.15,,4.15,,,8.98,0.15,5.42,,205.0,205.0,,,110.0,20.0,248.7,,187.1,74.7,,43.8,109.6,15.9,3.19,1.11,
2023-05-17 07:25:00+00:00,95,8.225,,26.61,3.64,4.27,5.57,,,8.84,0.07,5.44,3.64,280.0,280.0,,102.5,110.0,20.0,245.7,,180.3,80.6,,46.5,112.6,17.1,3.23,1.2,
2023-05-17 07:30:00+00:00,95,8.155,,27.32,3.82,4.2,5.57,,,8.6,0.1,5.45,3.82,277.5,277.5,,102.5,110.0,20.0,236.1,,175.9,73.9,,43.0,104.7,15.6,3.35,1.19,
2023-05-17 07:35:00+00:00,95,8.05,,26.9,3.75,4.15,5.35,,,8.63,0.2,5.47,3.75,267.5,267.5,,102.5,110.0,20.0,234.3,,173.6,75.0,,43.6,104.0,15.4,3.34,1.24,
2023-05-17 07:40:00+00:00,90,7.928,5.16,26.06,3.64,4.51,4.8,3.64,3.68,8.56,0.1,5.49,3.71,252.5,257.5,105.2,100.0,110.0,20.0,234.5,165.9,177.3,69.5,50.6,45.4,89.7,15.5,3.3,1.62,0.54
2023-05-17 07:45:00+00:00,65,7.805,,25.42,3.95,4.55,4.93,,,8.35,0.14,5.51,3.95,257.5,257.5,,102.5,110.0,20.0,239.8,,174.7,80.6,,46.9,109.2,15.5,3.26,1.31,
2023-05-17 07:50:00+00:00,100,7.775,,24.35,4.1,4.32,5.78,,,8.35,0.1,5.54,4.1,257.5,257.5,,105.0,110.0,20.0,239.0,,165.6,89.0,,49.7,118.8,16.2,3.13,1.3,
2023-05-17 07:55:00+00:00,100,7.945,,24.41,3.67,4.24,4.24,3.67,3.72,8.7,0.14,5.56,3.74,197.5,197.5,105.2,105.0,110.0,20.0,255.4,,175.4,94.2,,56.9,130.9,19.4,3.07,1.34,
2023-05-17 08:00:00+00:00,95,7.945,,24.6,3.85,4.2,5.39,3.85,3.93,8.66,0.21,5.59,3.95,280.0,280.0,103.2,105.0,110.0,20.0,247.2,,166.0,89.2,,55.6,141.8,19.0,3.1,1.15,
2023-05-17 08:05:00+00:00,90,7.675,,25.15,5.6,,5.6,,,8.23,0.1,5.61,,295.0,295.0,,,110.0,20.0,231.8,,165.5,76.2,,44.2,115.2,14.2,3.28,1.1,
2023-05-17 08:10:00+00:00,100,7.805,,25.18,5.49,,5.49,,,8.42,0.1,5.64,,277.5,277.5,,,110.0,20.0,242.2,,170.9,87.3,,50.2,118.0,16.5,3.23,1.32,
2023-05-17 08:15:00+00:00,90,7.805,,24.52,3.99,,5.43,3.99,4.03,8.35,0.1,5.67,,265.0,265.0,103.3,,110.0,20.0,241.7,,155.9,101.9,,59.8,139.3,19.4,3.14,1.41,
2023-05-17 08:20:00+00:00,100,7.925,,23.38,3.95,4.2,5.8,,,8.6,0.1,5.7,3.95,267.5,267.5,,105.0,110.0,20.0,277.9,,178.8,130.5,,72.4,147.4,23.9,2.95,1.82,
2023-05-17 08:25:00+00:00,100,7.42,,23.21,3.85,4.38,5.39,,,7.97,0.25,5.74,3.85,265.0,265.0,,105.0,110.0,20.0,239.6,,166.4,86.5,,50.0,123.1,14.9,3.13,1.22,
2023-05-17 08:30:00+00:00,100,7.665,,22.64,4.06,4.38,5.49,,,8.14,0.07,5.77,4.06,262.5,262.5,,105.0,110.0,20.0,259.0,,172.8,103.8,,58.8,141.4,18.5,2.95,1.28,
2023-05-17 08:35:00+00:00,70,7.6,,22.93,3.8,4.32,6.35,,,8.15,0.15,5.8,3.8,337.5,337.5,,102.5,110.0,20.0,246.1,,164.5,98.6,,54.9,131.7,17.0,3.02,1.31,
2023-05-17 08:40:00+00:00,90,7.805,,22.98,3.92,4.27,6.09,,,8.35,0.1,5.84,3.92,325.0,325.0,,102.5,110.0,20.0,273.5,,178.3,119.8,,67.4,149.4,21.8,2.94,1.51,
2023-05-17 08:45:00+00:00,85,7.84,,22.7,3.82,4.24,5.01,3.82,3.86,8.35,0.1,5.87,3.88,255.0,255.0,105.4,102.5,110.0,20.0,274.0,,173.3,117.5,,70.3,166.2,23.1,2.9,1.33,
2023-05-17 08:50:00+00:00,90,7.938,5.91,22.48,4.0,4.45,4.68,4.0,4.03,8.48,0.13,5.91,4.05,215.0,320.0,101.4,102.5,110.0,20.0,280.2,184.1,171.3,116.9,57.8,77.4,157.8,25.7,2.84,1.67,0.22
2023-05-17 08:55:00+00:00,95,7.805,,22.26,5.32,,5.32,,,8.52,0.21,5.95,,287.5,287.5,,,110.0,20.0,275.5,,183.5,109.3,,63.1,155.8,20.7,2.85,1.2,
2023-05-17 09:00:00+00:00,45,6.23,,20.88,3.95,4.38,5.32,,,6.74,0.07,5.99,3.95,290.0,290.0,,105.0,110.0,20.0,208.8,,142.0,74.6,,43.8,114.7,9.2,3.35,1.19,
2023-05-17 09:05:00+00:00,70,7.525,,22.99,3.97,4.28,7.25,,,8.07,0.03,6.02,3.97,385.0,385.0,,105.0,110.0,20.0,222.1,,154.4,87.5,,48.6,102.7,14.6,3.06,1.69,
2023-05-17 09:10:00+00:00,20,,,,,4.51,,,,,,10.53,3.95,,,,105.0,,,,,,,,,,,,,
2023-05-17 09:15:00+00:00,100,7.63,,23.39,6.55,,6.55,,,8.14,0.1,6.1,,347.5,347.5,,,110.0,20.0,240.6,,162.0,93.2,,52.1,129.1,16.3,3.07,1.24,
2023-05-17 09:20:00+00:00,100,8.025,,23.86,5.93,,5.93,,,8.8,0.1,6.13,,342.5,342.5,,,110.0,20.0,264.5,,177.4,103.0,,58.9,147.1,20.4,2.97,1.19,
2023-05-17 09:25:00+00:00,65,7.84,,23.88,5.57,,5.57,,,7.97,0.1,6.17,,315.0,315.0,,,110.0,20.0,255.2,,176.7,89.7,,53.0,139.3,17.7,3.05,1.07,
2023-05-17 09:30:00+00:00,70,7.035,,23.05,6.09,,6.09,,,7.55,0.04,6.2,,317.5,317.5,,,110.0,20.0,218.5,,149.8,79.8,,45.2,116.0,12.0,3.28,1.2,
2023-05-17 09:35:00+00:00,100,7.875,,23.89,5.88,,5.88,,,8.3,0.05,6.24,,325.0,325.0,,,110.0,20.0,251.5,,170.1,92.8,,53.2,140.9,17.9,3.03,1.09,
2023-05-17 09:40:00+00:00,90,7.98,,23.69,6.02,,6.02,,,8.56,0.04,6.27,,320.0,320.0,,,110.0,20.0,261.7,,178.0,97.1,,56.1,144.2,19.4,2.97,1.12,
2023-05-17 09:45:00+00:00,90,8.435,,23.91,5.78,,5.78,,,8.98,0.07,6.3,,325.0,325.0,,,110.0,20.0,290.0,,194.7,116.2,,66.8,160.6,25.5,2.84,1.24,
2023-05-17 09:50:00+00:00,70,6.8,,22.55,5.57,,5.57,,,7.35,0.03,6.34,,310.0,310.0,,,110.0,20.0,220.3,,148.6,77.4,,45.4,128.2,11.4,3.32,1.03,
2023-05-17 09:55:00+00:00,100,8.435,,24.17,5.36,,5.36,,,9.23,0.25,6.36,,282.5,282.5,,,110.0,20.0,285.2,,199.5,99.8,,59.3,157.0,23.0,2.87,1.01,
2023-05-17 10:00:00+00:00,90,8.505,,24.48,6.16,,6.16,,,9.05,0.21,6.39,,352.5,352.5,,,110.0,20.0,277.6,,188.5,104.9,,60.1,154.2,23.5,2.88,1.11,
2023-05-17 10:05:00+00:00,90,8.5,,24.82,6.35,,6.35,,,9.05,0.15,6.42,,347.5,347.5,,,110.0,20.0,267.5,,180.0,103.2,,58.0,147.9,22.6,2.92,1.14,
2023-05-17 10:10:00+00:00,90,8.47,,25.21,5.57,,5.57,,,9.02,0.17,6.44,,340.0,340.0,,,110.0,20.0,273.5,,198.3,85.0,,52.1,142.0,20.7,2.98,1.0,
2023-05-17 10:15:00+00:00,70,8.75,,25.14,5.78,,5.78,,,8.45,0.07,6.46,,335.0,335.0,,,110.0,20.0,284.3,,199.0,102.0,,59.5,152.6,24.8,2.87,1.08,
2023-05-17 10:20:00+00:00,85,8.425,,25.54,6.05,,6.05,,,8.98,0.03,6.48,,337.5,337.5,,,110.0,20.0,258.9,,179.9,89.6,,51.7,141.1,20.1,3.03,1.0,
2023-05-17 10:25:00+00:00,100,8.4,,26.27,5.6,,5.6,,,8.91,0.07,6.5,,330.0,330.0,,,110.0,20.0,258.1,,189.8,74.6,,46.1,128.9,18.1,3.13,1.0,
2023-05-17 10:30:00+00:00,90,8.75,,26.27,5.81,,5.81,,,9.3,0.1,6.52,,320.0,320.0,,,110.0,20.0,266.0,,191.1,87.8,,51.6,137.0,21.7,3.0,1.0,
2023-05-17 10:35:00+00:00,95,8.425,,26.16,6.8,,6.8,,,8.77,0.05,6.53,,325.0,325.0,,,110.0,20.0,240.8,,165.3,90.4,,49.7,123.2,19.0,3.11,1.23,
2023-05-17 10:40:00+00:00,70,8.505,,26.17,5.49,,5.49,,,8.66,0.1,6.54,,320.0,320.0,,,110.0,20.0,261.9,,191.9,80.2,,48.7,131.4,19.5,3.08,1.0,
2023-05-17 10:45:00+00:00,100,7.245,,24.56,5.36,,5.36,,,7.82,0.04,6.55,,320.0,320.0,,,110.0,20.0,232.3,,167.8,62.8,,41.1,118.0,12.0,3.39,1.0,
2023-05-17 10:50:00+00:00,70,7.9,,25.34,4.07,4.55,6.0,,,8.75,0.05,6.56,4.07,320.0,320.0,,107.5,110.0,20.0,238.4,,165.4,82.2,,47.3,128.0,16.1,3.21,1.04,
2023-05-17 10:55:00+00:00,100,8.82,,25.78,5.49,,5.49,,,9.19,0.31,6.56,,317.5,317.5,,,110.0,20.0,279.6,,203.0,89.7,,53.5,143.2,23.0,2.92,1.0,
2023-05-17 11:00:00+00:00,90,7.28,,24.15,3.85,4.45,5.6,3.85,3.89,7.97,0.14,6.57,3.92,332.5,332.5,111.5,107.5,110.0,20.0,228.8,,151.2,67.0,,47.2,137.8,13.8,3.32,1.0,
2023-05-17 11:05:00+00:00,70,8.8,,26.01,7.4,,7.4,,,8.82,0.1,6.57,,345.0,345.0,,,110.0,20.0,253.9,,172.7,101.1,,55.1,127.9,22.8,2.96,1.37,
2023-05-17 11:10:00+00:00,70,8.96,,25.99,4.16,5.07,6.72,,,7.82,0.25,6.57,4.16,332.5,332.5,,102.5,110.0,20.0,272.9,,185.5,106.5,,59.0,144.3,25.5,2.9,1.22,
2023-05-17 11:15:00+00:00,65,9.03,,25.83,4.27,6.41,5.84,,,9.57,0.1,6.57,4.27,325.0,325.0,,100.0,110.0,20.0,285.2,,200.8,102.4,,59.0,149.3,26.2,2.86,1.1,
2023-05-17 11:20:00+00:00,40,9.1,,25.86,4.1,7.35,6.68,,,9.65,0.13,6.56,4.1,340.0,340.0,,100.0,110.0,20.0,280.5,,189.7,110.7,,61.2,150.3,27.3,2.84,1.21,
2023-05-17 11:25:00+00:00,45,9.065,,26.51,4.13,7.84,7.98,,,9.61,0.1,6.56,4.13,370.0,370.0,,100.0,110.0,20.0,256.3,,175.7,101.8,,55.3,125.4,24.3,2.92,1.43,
2023-05-17 11:30:00+00:00,45,9.31,,26.99,3.99,8.65,8.68,,,9.85,0.1,6.55,3.99,395.0,395.0,,97.5,110.0,20.0,261.1,,178.8,107.0,,58.3,124.6,26.8,2.9,1.61,
2023-05-17 11:35:00+00:00,75,,,,,10.82,,,,,,11.14,4.15,,,,97.5,,,,,,,,,,,,,
2023-05-17 11:40:00+00:00,75,,,,,9.31,,,,,,11.14,4.51,,,,97.5,,,,,,,,,,,,,
2023-05-17 11:45:00+00:00,45,8.26,,27.0,4.13,7.95,7.77,,,8.77,0.04,6.52,4.13,342.5,342.5,,97.5,110.0,20.0,218.0,,156.5,78.0,,42.9,94.7,15.6,3.27,1.52,
2023-05-17 11:50:00+00:00,60,9.6,,28.07,3.97,7.8,6.95,,,10.15,0.1,6.51,3.97,322.5,322.5,,97.5,110.0,20.0,277.5,,190.4,110.4,,60.4,139.7,29.8,2.92,1.35,
2023-05-30 15:35:00+00:00,75,,,,,,,,,,,10.37,,,,,,,,,,,,,,,,,,
2023-05-30 15:40:00+00:00,75,,,,,,,,,,,10.36,,,,,,,,,,,,,,,,,,
2023-05-30 15:45:00+00:00,75,,,,,,,,,,,10.34,,,,,,,,,,,,,,,,,,
2023-05-30 16:20:00+00:00,75,,,,,,,,,,,10.23,,,,,,,,,,,,,,,,,,
2023-05-30 16:25:00+00:00,75,,,,,,,,,,,10.2,,,,,,,,,,,,,,,,,,
2023-05-30 16:30:00+00:00,75,,,,,,,,,,,10.18,,,,,,,,,,,,,,,,,,
2023-05-30 16:35:00+00:00,75,,,,,,,,,,,10.15,,,,,,,,,,,,,,,,,,
2023-05-31 17:38:26+00:00,85,8.82,,28.97,1.78,3.08,3.12,,,9.36,0.07,6.07,1.78,250.0,250.0,,107.5,110.0,20.0,269.6,,236.5,47.6,,24.6,59.1,10.7,3.28,1.1,
